{
    "name": "djdj",
    "mastervol": 0.2878321409225464,
    "sfxvol": 0.268964022397995,
    "bgmvol": 0.5819494128227234
}