{
    "name": "djdj",
    "mastervol": 0.36822736263275149,
    "sfxvol": 0.25337928533554079,
    "bgmvol": 0.7235736846923828
}