{
    "name": "djdj",
    "mastervol": 0.00009999999747378752,
    "sfxvol": 0.268964022397995,
    "bgmvol": 0.5819494128227234
}